,GEOID,pop
0,36005000100,7703
1,36005000200,5403
2,36005000400,5915
3,36005001600,5879
4,36005001900,2591
5,36005002000,8516
6,36005002300,4774
7,36005002400,150
8,36005002500,5355
9,36005002701,3016
10,36005002702,4778
11,36005002800,5299
12,36005003100,1466
13,36005003300,3912
14,36005003500,3948
15,36005003700,246
16,36005003800,1193
17,36005003900,6614
18,36005004001,1419
19,36005004100,6476
20,36005004200,7120
21,36005004300,6057
22,36005004400,4754
23,36005004600,1869
24,36005004800,3999
25,36005005001,4885
26,36005005002,5650
27,36005005100,5653
28,36005005200,2277
29,36005005300,3727
30,36005005400,6219
31,36005005600,2468
32,36005005902,3131
33,36005006000,1256
34,36005006100,3706
35,36005006200,7610
36,36005006300,4431
37,36005006400,3590
38,36005006500,5487
39,36005006700,7421
40,36005006800,3288
41,36005006900,8554
42,36005007000,4568
43,36005007100,2547
44,36005007200,5822
45,36005007300,3761
46,36005007400,3635
47,36005007500,5599
48,36005007600,5587
49,36005007700,1933
50,36005007800,6518
51,36005007900,6420
52,36005008300,6882
53,36005008400,2289
54,36005008500,5959
55,36005008600,3874
56,36005008700,6002
57,36005008900,3438
58,36005009000,3476
59,36005009200,5622
60,36005009300,6517
61,36005009600,2562
62,36005009800,5041
63,36005011000,153
64,36005011502,4566
65,36005011700,1603
66,36005011800,5364
67,36005011900,5603
68,36005012101,3057
69,36005012102,1835
70,36005012300,4379
71,36005012500,4272
72,36005012701,1992
73,36005012901,4017
74,36005013000,1364
75,36005013100,4685
76,36005013200,7426
77,36005013300,7284
78,36005013500,3908
79,36005013800,2989
80,36005014100,5355
81,36005014300,968
82,36005014400,6049
83,36005014500,7360
84,36005014701,7023
85,36005014702,5243
86,36005014900,4348
87,36005015100,5458
88,36005015200,2803
89,36005015300,4466
90,36005015500,3178
91,36005015700,4054
92,36005015800,1202
93,36005015900,1420
94,36005016000,4274
95,36005016100,4140
96,36005016200,1969
97,36005016300,0
98,36005016400,885
99,36005016500,1189
100,36005016600,2252
101,36005016700,2733
102,36005016900,1338
103,36005017100,0
104,36005017300,6301
105,36005017500,7004
106,36005017701,4946
107,36005017702,5388
108,36005017901,4661
109,36005017902,3600
110,36005018101,2921
111,36005018102,5626
112,36005018301,4202
113,36005018302,4078
114,36005018400,3676
115,36005018500,6885
116,36005018900,8304
117,36005019300,5737
118,36005019400,2231
119,36005019500,7622
120,36005019700,7104
121,36005019900,8015
122,36005020000,4722
123,36005020100,4340
124,36005020200,2232
125,36005020400,3131
126,36005020501,7030
127,36005020502,2123
128,36005020601,2724
129,36005020900,4351
130,36005021001,9254
131,36005021002,6416
132,36005021100,5506
133,36005021200,5257
134,36005021301,1194
135,36005021302,6061
136,36005021501,4726
137,36005021502,6013
138,36005021601,4137
139,36005021602,6243
140,36005021700,5000
141,36005021800,6882
142,36005021900,1277
143,36005022000,2176
144,36005022101,3884
145,36005022102,5010
146,36005022200,3414
147,36005022300,5108
148,36005022401,2652
149,36005022403,3502
150,36005022404,4187
151,36005022500,8066
152,36005022701,5917
153,36005022702,1485
154,36005022703,1871
155,36005022800,6231
156,36005022901,5568
157,36005022902,3386
158,36005023000,3334
159,36005023100,1594
160,36005023200,2704
161,36005023301,4356
162,36005023302,3614
163,36005023501,3044
164,36005023502,4706
165,36005023600,2275
166,36005023702,1216
167,36005023703,5014
168,36005023704,3717
169,36005023800,2567
170,36005023900,8282
171,36005024000,3963
172,36005024100,6324
173,36005024300,5748
174,36005024400,2551
175,36005024501,5162
176,36005024502,3619
177,36005024600,2223
178,36005024700,1964
179,36005024800,3069
180,36005024900,0
181,36005025000,2663
182,36005025100,6564
183,36005025200,2692
184,36005025300,5952
185,36005025400,2200
186,36005025500,5874
187,36005025600,1831
188,36005025700,1728
189,36005026100,1958
190,36005026300,6456
191,36005026400,5842
192,36005026500,7009
193,36005026601,3035
194,36005026602,5769
195,36005026701,3659
196,36005026702,6824
197,36005026900,3862
198,36005027300,8113
199,36005027401,4576
200,36005027402,3878
201,36005027600,63
202,36005027700,5892
203,36005027900,6809
204,36005028100,3974
205,36005028300,3370
206,36005028400,740
207,36005028500,3233
208,36005028600,1288
209,36005028700,3281
210,36005028800,3527
211,36005028900,4326
212,36005029301,1989
213,36005029302,5597
214,36005029500,4725
215,36005029600,1660
216,36005029700,3749
217,36005030000,5801
218,36005030100,1308
219,36005030200,9607
220,36005030701,5248
221,36005030900,3896
222,36005031000,4869
223,36005031200,2015
224,36005031400,2300
225,36005031600,1956
226,36005031800,2252
227,36005031900,645
228,36005032300,4595
229,36005032400,2954
230,36005032600,3576
231,36005032800,4260
232,36005033000,5697
233,36005033201,4125
234,36005033202,4207
235,36005033400,1441
236,36005033500,2207
237,36005033600,6613
238,36005033700,2277
239,36005033800,4247
240,36005034000,4582
241,36005034200,2128
242,36005034300,1755
243,36005034400,2324
244,36005034500,3461
245,36005034800,7306
246,36005035000,1781
247,36005035100,3296
248,36005035600,2367
249,36005035800,7558
250,36005035900,1960
251,36005036000,3063
252,36005036100,6099
253,36005036300,7977
254,36005036400,2389
255,36005036501,3904
256,36005036502,2002
257,36005036700,2709
258,36005036800,2186
259,36005036901,2276
260,36005036902,2236
261,36005037000,2463
262,36005037100,3908
263,36005037200,2052
264,36005037300,5463
265,36005037400,3713
266,36005037504,3690
267,36005037600,2440
268,36005037800,3233
269,36005037900,5287
270,36005038000,4755
271,36005038100,6534
272,36005038200,2666
273,36005038301,4356
274,36005038302,5941
275,36005038500,5025
276,36005038600,7477
277,36005038700,3297
278,36005038800,2471
279,36005038900,5908
280,36005039000,3191
281,36005039100,6808
282,36005039200,1750
283,36005039300,8433
284,36005039400,4961
285,36005039500,3980
286,36005039600,4287
287,36005039700,4106
288,36005039800,2769
289,36005039901,5168
290,36005039902,5156
291,36005040100,5088
292,36005040302,4151
293,36005040303,4726
294,36005040304,4229
295,36005040400,2818
296,36005040501,4416
297,36005040502,5937
298,36005040600,3635
299,36005040701,3193
300,36005040702,7800
301,36005040800,4557
302,36005040900,3048
303,36005041100,2907
304,36005041300,7561
305,36005041400,4714
306,36005041500,5874
307,36005041800,4276
308,36005041900,6951
309,36005042000,3516
310,36005042100,5654
311,36005042200,3563
312,36005042300,4485
313,36005042400,2686
314,36005042500,6134
315,36005042600,6694
316,36005042800,2025
317,36005042901,4055
318,36005042902,4621
319,36005043000,3321
320,36005043100,10325
321,36005043400,3837
322,36005043500,52
323,36005043600,2244
324,36005044200,4071
325,36005044400,3576
326,36005044800,2181
327,36005044901,1465
328,36005044902,2031
329,36005045101,1531
330,36005045102,1893
331,36005045600,3275
332,36005045800,5243
333,36005046000,2849
334,36005046201,28926
335,36005046202,9409
336,36005048400,4377
337,36005050400,63
338,36005051600,4439
339,36047000100,4304
340,36047000200,1868
341,36047000301,3985
342,36047000501,4759
343,36047000502,2600
344,36047000700,4029
345,36047000900,4162
346,36047001100,967
347,36047001300,2562
348,36047001500,5962
349,36047001800,2075
350,36047002000,1368
351,36047002100,4295
352,36047002200,4902
353,36047002300,4342
354,36047002901,3532
355,36047003000,1841
356,36047003100,2837
357,36047003300,3157
358,36047003400,3038
359,36047003500,1550
360,36047003600,4457
361,36047003700,1087
362,36047003800,1555
363,36047003900,2455
364,36047004100,3540
365,36047004300,3191
366,36047004400,2420
367,36047004500,3318
368,36047004600,1420
369,36047004700,1889
370,36047004900,2520
371,36047005000,2510
372,36047005100,2143
373,36047005201,1722
374,36047005202,2436
375,36047005300,2423
376,36047005400,3406
377,36047005601,2482
378,36047005602,1730
379,36047005800,3333
380,36047005900,1429
381,36047006000,2717
382,36047006200,2818
383,36047006300,1952
384,36047006400,3244
385,36047006500,5412
386,36047006600,3797
387,36047006700,3799
388,36047006800,5290
389,36047006900,3582
390,36047007000,2463
391,36047007100,5002
392,36047007200,2341
393,36047007400,6061
394,36047007500,4774
395,36047007600,4775
396,36047007700,4409
397,36047007800,5493
398,36047008000,4373
399,36047008200,4148
400,36047008400,3860
401,36047008500,6916
402,36047008600,0
403,36047008800,3397
404,36047009000,3224
405,36047009200,5407
406,36047009400,5837
407,36047009600,5951
408,36047009800,8178
409,36047010000,6312
410,36047010100,4402
411,36047010200,5265
412,36047010400,5937
413,36047010600,5747
414,36047010800,4267
415,36047011000,2708
416,36047011200,6527
417,36047011400,4500
418,36047011600,4274
419,36047011700,2674
420,36047011800,2128
421,36047011900,1614
422,36047012000,1255
423,36047012100,1807
424,36047012200,5697
425,36047012600,2767
426,36047012700,3929
427,36047012801,2094
428,36047012901,2577
429,36047012902,2064
430,36047013000,5224
431,36047013100,4244
432,36047013200,2397
433,36047013300,4674
434,36047013400,3860
435,36047013500,3694
436,36047013600,3813
437,36047013700,3278
438,36047013800,3423
439,36047013900,3652
440,36047014000,1843
441,36047014100,3928
442,36047014200,3105
443,36047014300,3610
444,36047014500,4424
445,36047014700,2104
446,36047014800,1256
447,36047014900,5772
448,36047015000,1642
449,36047015100,4273
450,36047015200,2567
451,36047015300,2961
452,36047015400,0
453,36047015500,3674
454,36047015700,4289
455,36047015900,5157
456,36047016000,4475
457,36047016100,3139
458,36047016200,2560
459,36047016300,3223
460,36047016400,654
461,36047016500,5706
462,36047016600,2080
463,36047016700,5278
464,36047016800,1801
465,36047016900,4779
466,36047017000,4115
467,36047017100,3943
468,36047017200,4040
469,36047017400,1908
470,36047017500,0
471,36047017600,2322
472,36047017700,0
473,36047017800,3226
474,36047017900,4131
475,36047018000,3512
476,36047018100,3424
477,36047018200,3600
478,36047018300,2692
479,36047018400,2551
480,36047018501,4530
481,36047018600,2072
482,36047018700,1405
483,36047018800,2879
484,36047019000,5134
485,36047019100,2902
486,36047019200,3398
487,36047019300,5761
488,36047019400,3786
489,36047019500,4188
490,36047019600,5120
491,36047019700,3508
492,36047019800,1978
493,36047019900,2863
494,36047020000,2216
495,36047020100,3886
496,36047020200,2131
497,36047020300,1688
498,36047020400,1947
499,36047020500,2747
500,36047020600,2706
501,36047020700,4536
502,36047020800,3272
503,36047021000,4946
504,36047021100,1362
505,36047021200,5176
506,36047021300,4296
507,36047021400,2437
508,36047021500,5136
509,36047021600,4458
510,36047021700,3904
511,36047021800,4389
512,36047021900,3617
513,36047022000,4313
514,36047022100,4255
515,36047022200,4524
516,36047022400,5981
517,36047022600,2438
518,36047022700,3725
519,36047022800,3367
520,36047022900,3780
521,36047023000,3832
522,36047023100,3506
523,36047023200,5753
524,36047023300,4863
525,36047023400,5162
526,36047023500,4015
527,36047023600,5693
528,36047023800,4142
529,36047024000,4471
530,36047024100,2375
531,36047024200,3052
532,36047024300,4273
533,36047024400,3757
534,36047024500,3855
535,36047024600,3195
536,36047024700,2104
537,36047024800,3056
538,36047024900,3973
539,36047025000,1527
540,36047025100,3522
541,36047025200,5337
542,36047025300,2540
543,36047025400,4256
544,36047025500,5270
545,36047025600,3195
546,36047025700,2177
547,36047025800,4225
548,36047025901,1914
549,36047025902,3737
550,36047026000,3687
551,36047026100,4987
552,36047026200,2422
553,36047026300,2002
554,36047026400,4946
555,36047026500,3558
556,36047026600,3418
557,36047026700,3531
558,36047026800,3690
559,36047026900,2685
560,36047027000,2539
561,36047027100,2502
562,36047027200,3692
563,36047027300,2649
564,36047027400,3090
565,36047027500,4346
566,36047027600,4325
567,36047027700,4975
568,36047027800,3418
569,36047027900,3914
570,36047028000,1690
571,36047028100,4882
572,36047028200,3226
573,36047028300,4150
574,36047028400,3662
575,36047028501,293
576,36047028502,2626
577,36047028600,4692
578,36047028700,2774
579,36047028800,3495
580,36047028900,3408
581,36047029000,4017
582,36047029100,2843
583,36047029200,2540
584,36047029300,3426
585,36047029400,2489
586,36047029500,3803
587,36047029600,5711
588,36047029700,3969
589,36047029800,3871
590,36047029900,2663
591,36047030000,4048
592,36047030100,2752
593,36047030200,4355
594,36047030300,5018
595,36047030400,3742
596,36047030500,5951
597,36047030600,2029
598,36047030700,4304
599,36047030800,1898
600,36047030900,2134
601,36047031100,2805
602,36047031300,4242
603,36047031400,4409
604,36047031500,4798
605,36047031701,3262
606,36047031702,3857
607,36047031900,3782
608,36047032100,5897
609,36047032300,3835
610,36047032500,6446
611,36047032600,6947
612,36047032700,2501
613,36047032800,2621
614,36047032900,5783
615,36047033000,4634
616,36047033100,4378
617,36047033300,4719
618,36047033500,3115
619,36047033600,4008
620,36047033700,3818
621,36047033900,4495
622,36047034000,2166
623,36047034100,2803
624,36047034200,5748
625,36047034300,5097
626,36047034500,2899
627,36047034700,3326
628,36047034800,2185
629,36047034900,5297
630,36047035000,2806
631,36047035100,4437
632,36047035200,1035
633,36047035300,5140
634,36047035400,5373
635,36047035500,5620
636,36047035601,2592
637,36047035602,4835
638,36047035700,2499
639,36047035900,5213
640,36047036001,2899
641,36047036002,3975
642,36047036100,2375
643,36047036200,3345
644,36047036300,4076
645,36047036400,2077
646,36047036501,2677
647,36047036502,1164
648,36047036600,4702
649,36047036700,1426
650,36047036900,4839
651,36047037000,4074
652,36047037100,4705
653,36047037300,4110
654,36047037401,4174
655,36047037402,4668
656,36047037500,3129
657,36047037700,4240
658,36047037900,3537
659,36047038100,5550
660,36047038200,5786
661,36047038300,4655
662,36047038500,3364
663,36047038600,3622
664,36047038700,4058
665,36047038800,4049
666,36047038900,3249
667,36047039000,2318
668,36047039100,3086
669,36047039200,2807
670,36047039300,3444
671,36047039400,2480
672,36047039500,3789
673,36047039600,2090
674,36047039700,3261
675,36047039800,2859
676,36047039900,3384
677,36047040000,3429
678,36047040100,3356
679,36047040200,2683
680,36047040300,3724
681,36047040400,2451
682,36047040500,1539
683,36047040600,3335
684,36047040700,0
685,36047040800,3304
686,36047040900,3738
687,36047041000,1854
688,36047041100,3387
689,36047041200,2835
690,36047041300,4365
691,36047041401,1480
692,36047041402,1611
693,36047041500,4478
694,36047041600,2644
695,36047041700,3158
696,36047041800,2314
697,36047041900,4030
698,36047042000,1894
699,36047042100,4016
700,36047042200,3474
701,36047042300,4986
702,36047042400,3432
703,36047042500,2906
704,36047042600,4408
705,36047042700,5609
706,36047042800,3760
707,36047042900,5743
708,36047043000,3394
709,36047043100,5655
710,36047043200,4790
711,36047043300,4601
712,36047043400,3368
713,36047043500,5156
714,36047043600,4823
715,36047043700,6122
716,36047043800,2632
717,36047043900,4155
718,36047044000,2943
719,36047044100,6156
720,36047044200,2743
721,36047044300,5378
722,36047044400,3409
723,36047044500,4963
724,36047044600,2021
725,36047044700,2480
726,36047044800,1924
727,36047044900,3465
728,36047045000,498
729,36047045200,2638
730,36047045300,2262
731,36047045400,1896
732,36047045600,2562
733,36047045800,1651
734,36047046000,4028
735,36047046201,2685
736,36047046202,2191
737,36047046400,2710
738,36047046800,2326
739,36047047000,2806
740,36047047200,2931
741,36047047400,2929
742,36047047600,3958
743,36047047700,3760
744,36047047800,4320
745,36047048000,3623
746,36047048100,3092
747,36047048200,5688
748,36047048400,6210
749,36047048500,3034
750,36047048600,3355
751,36047048800,3961
752,36047048900,3829
753,36047049000,6156
754,36047049100,6017
755,36047049200,3637
756,36047049300,7398
757,36047049400,5574
758,36047049500,2702
759,36047049600,3933
760,36047049700,2776
761,36047049800,4535
762,36047049900,1728
763,36047050000,3684
764,36047050100,2962
765,36047050202,2405
766,36047050300,2431
767,36047050400,4824
768,36047050500,4289
769,36047050600,5740
770,36047050700,2417
771,36047050801,3948
772,36047050803,2111
773,36047050804,5782
774,36047050900,4104
775,36047051001,4274
776,36047051002,5028
777,36047051100,3798
778,36047051200,6103
779,36047051300,4458
780,36047051400,7261
781,36047051500,1367
782,36047051601,5186
783,36047051602,3819
784,36047051700,1998
785,36047051800,3481
786,36047051900,4299
787,36047052000,4566
788,36047052300,5670
789,36047052500,3338
790,36047052600,4712
791,36047052700,6705
792,36047052800,1843
793,36047052900,3994
794,36047053000,3619
795,36047053100,8924
796,36047053200,2539
797,36047053300,6905
798,36047053400,4227
799,36047053500,4326
800,36047053700,3392
801,36047053800,4265
802,36047053900,2638
803,36047054200,4719
804,36047054300,382
805,36047054400,2918
806,36047054500,7169
807,36047054600,4457
808,36047054700,5071
809,36047054800,2193
810,36047054900,3480
811,36047055000,3744
812,36047055100,6138
813,36047055200,3179
814,36047055300,2899
815,36047055400,4028
816,36047055500,5178
817,36047055600,3591
818,36047055700,2384
819,36047055800,2244
820,36047056000,3681
821,36047056100,3003
822,36047056200,1519
823,36047056300,4519
824,36047056400,2545
825,36047056500,3125
826,36047056600,2747
827,36047056800,1382
828,36047056900,1432
829,36047057000,3321
830,36047057100,3886
831,36047057200,4954
832,36047057300,2375
833,36047057400,2881
834,36047057500,4028
835,36047057600,3070
836,36047057800,3260
837,36047057900,1016
838,36047058000,3999
839,36047058200,3150
840,36047058400,3303
841,36047058600,2658
842,36047058800,3505
843,36047058900,1786
844,36047059000,1893
845,36047059100,3818
846,36047059200,4599
847,36047059300,2036
848,36047059401,7740
849,36047059402,4817
850,36047059600,2451
851,36047059800,3484
852,36047060000,5984
853,36047060600,2482
854,36047060800,3126
855,36047061002,4282
856,36047061003,1838
857,36047061004,6231
858,36047061200,874
859,36047061600,1572
860,36047062000,1891
861,36047062200,3150
862,36047062600,2670
863,36047062800,5130
864,36047063200,1458
865,36047063600,1349
866,36047063800,1649
867,36047064000,2017
868,36047064200,2434
869,36047064400,2814
870,36047064600,2402
871,36047064800,1918
872,36047065000,1322
873,36047065200,1241
874,36047065400,1765
875,36047065600,1827
876,36047065800,1954
877,36047066000,2058
878,36047066200,1729
879,36047066600,0
880,36047067000,2763
881,36047067200,1699
882,36047067400,1938
883,36047067600,2057
884,36047067800,2392
885,36047068000,2155
886,36047068200,3037
887,36047068600,1660
888,36047068800,1863
889,36047069000,1801
890,36047069200,2842
891,36047069601,4032
892,36047069602,6667
893,36047069800,1448
894,36047070000,1798
895,36047070201,6015
896,36047070202,16
897,36047070203,0
898,36047070600,2748
899,36047072000,1969
900,36047072200,2896
901,36047072400,2038
902,36047072600,2110
903,36047072800,4050
904,36047073000,2550
905,36047073200,2858
906,36047073400,2357
907,36047073600,3624
908,36047073800,3583
909,36047074000,4264
910,36047074200,3590
911,36047074400,2500
912,36047074600,2278
913,36047074800,1906
914,36047075000,2888
915,36047075200,1021
916,36047075400,1573
917,36047075600,1971
918,36047075800,1841
919,36047076000,3013
920,36047076200,4875
921,36047076400,4070
922,36047076600,2467
923,36047076800,3308
924,36047077000,3302
925,36047077200,2917
926,36047077400,3333
927,36047077600,3956
928,36047078000,2586
929,36047078200,4685
930,36047078400,2806
931,36047078600,4893
932,36047078800,3237
933,36047079000,5288
934,36047079200,3771
935,36047079400,1964
936,36047079601,4728
937,36047079602,4642
938,36047079801,2886
939,36047079802,5956
940,36047080000,3797
941,36047080200,5031
942,36047080400,3282
943,36047080600,4241
944,36047080800,1256
945,36047081000,2194
946,36047081400,2801
947,36047081600,2852
948,36047081800,4409
949,36047082000,4856
950,36047082200,7608
951,36047082400,4323
952,36047082600,4880
953,36047082800,3627
954,36047083000,6023
955,36047083200,2341
956,36047083400,1654
957,36047083600,2005
958,36047083800,2407
959,36047084000,2267
960,36047084600,1704
961,36047084800,1609
962,36047085000,1600
963,36047085200,8
964,36047085400,1941
965,36047085600,3290
966,36047085800,2378
967,36047086000,3691
968,36047086200,3003
969,36047086400,2203
970,36047086600,3175
971,36047086800,3118
972,36047087000,3187
973,36047087200,2726
974,36047087401,3122
975,36047087600,1693
976,36047087800,2816
977,36047088000,3208
978,36047088200,6660
979,36047088400,4923
980,36047088600,4472
981,36047088800,4274
982,36047089000,6750
983,36047089200,3651
984,36047089400,3751
985,36047089600,3411
986,36047089800,1777
987,36047090000,5358
988,36047090200,3886
989,36047090600,4318
990,36047090800,5679
991,36047091000,6094
992,36047091200,6627
993,36047091600,4790
994,36047091800,3058
995,36047092000,3406
996,36047092200,2880
997,36047092400,3420
998,36047092800,2680
999,36047093000,2581
1000,36047093200,1336
1001,36047093400,2464
1002,36047093600,1882
1003,36047093800,2196
1004,36047094401,3916
1005,36047094402,2907
1006,36047094600,1990
1007,36047095000,3236
1008,36047095400,4852
1009,36047095600,4618
1010,36047095800,3840
1011,36047096000,0
1012,36047096200,1828
1013,36047096400,2212
1014,36047096600,2359
1015,36047096800,1481
1016,36047097000,2186
1017,36047097400,3142
1018,36047098200,4124
1019,36047098400,2035
1020,36047098600,3362
1021,36047098800,3117
1022,36047099000,1552
1023,36047099200,2103
1024,36047099400,2023
1025,36047099600,3819
1026,36047099800,3702
1027,36047100400,2831
1028,36047100600,2561
1029,36047100800,2138
1030,36047101000,2042
1031,36047101200,2144
1032,36047101400,2240
1033,36047101600,1594
1034,36047101800,1718
1035,36047102000,2132
1036,36047102200,2205
1037,36047102400,2110
1038,36047102600,2508
1039,36047102800,1529
1040,36047103400,4029
1041,36047105801,6403
1042,36047105804,6416
1043,36047107000,1141
1044,36047107800,3988
1045,36047109800,2160
1046,36047110400,4948
1047,36047110600,4438
1048,36047111000,3400
1049,36047111600,3739
1050,36047111800,2986
1051,36047112000,3221
1052,36047112200,3755
1053,36047112400,3399
1054,36047112600,3826
1055,36047112800,3829
1056,36047113000,4386
1057,36047113200,1917
1058,36047113400,3107
1059,36047114201,1748
1060,36047114202,2656
1061,36047114400,2587
1062,36047114600,3119
1063,36047115000,2776
1064,36047115200,3213
1065,36047115600,4154
1066,36047115800,2938
1067,36047116000,2139
1068,36047116200,2073
1069,36047116400,3104
1070,36047116600,2865
1071,36047116800,1579
1072,36047117000,1606
1073,36047117201,2536
1074,36047117202,3121
1075,36047117400,4268
1076,36047117601,3037
1077,36047117602,2800
1078,36047117800,1665
1079,36047118000,0
1080,36047118201,3054
1081,36047118202,2765
1082,36047118400,5428
1083,36047118600,2790
1084,36047118800,4519
1085,36047119000,2611
1086,36047119200,3231
1087,36047119400,3626
1088,36047119600,4864
1089,36047119800,3538
1090,36047120000,2230
1091,36047120200,2057
1092,36047120800,8566
1093,36047121000,4258
1094,36047121400,4465
1095,36047122000,5573
1096,36047123700,6522
1097,36047150200,2946
1098,36047152200,3755
1099,36047990100,0
1100,36061000100,0
1101,36061000201,2791
1102,36061000202,7768
1103,36061000500,0
1104,36061000600,12554
1105,36061000700,8794
1106,36061000800,9465
1107,36061000900,1626
1108,36061001001,1528
1109,36061001002,6051
1110,36061001200,3755
1111,36061001300,4374
1112,36061001401,3155
1113,36061001402,2932
1114,36061001501,6502
1115,36061001502,7378
1116,36061001600,7550
1117,36061001800,8326
1118,36061002000,4864
1119,36061002100,6735
1120,36061002201,6861
1121,36061002202,2019
1122,36061002400,5557
1123,36061002500,5137
1124,36061002601,4087
1125,36061002602,4266
1126,36061002700,1343
1127,36061002800,7240
1128,36061002900,6050
1129,36061003001,4216
1130,36061003002,2831
1131,36061003100,2673
1132,36061003200,7871
1133,36061003300,5005
1134,36061003400,6476
1135,36061003601,3238
1136,36061003602,3140
1137,36061003700,2666
1138,36061003800,8614
1139,36061003900,5216
1140,36061004000,8947
1141,36061004100,7897
1142,36061004200,5338
1143,36061004300,4288
1144,36061004400,16200
1145,36061004500,984
1146,36061004700,2360
1147,36061004800,7325
1148,36061004900,4388
1149,36061005000,4998
1150,36061005200,3726
1151,36061005400,4581
1152,36061005501,4747
1153,36061005502,2278
1154,36061005600,2963
1155,36061005700,2899
1156,36061005800,3206
1157,36061005900,5604
1158,36061006000,5063
1159,36061006100,5032
1160,36061006200,4536
1161,36061006300,6330
1162,36061006400,8012
1163,36061006500,6264
1164,36061006600,11252
1165,36061006700,5011
1166,36061006800,7413
1167,36061006900,2604
1168,36061007000,8131
1169,36061007100,6115
1170,36061007200,7640
1171,36061007300,5677
1172,36061007400,3752
1173,36061007500,4358
1174,36061007600,1912
1175,36061007700,5599
1176,36061007800,8032
1177,36061007900,4101
1178,36061008000,5045
1179,36061008100,8957
1180,36061008200,3060
1181,36061008300,3929
1182,36061008400,2054
1183,36061008601,2807
1184,36061008602,0
1185,36061008603,4272
1186,36061008700,7159
1187,36061008800,6781
1188,36061008900,5531
1189,36061009000,7306
1190,36061009100,6665
1191,36061009200,1717
1192,36061009300,10650
1193,36061009400,15
1194,36061009500,3299
1195,36061009600,149
1196,36061009700,5163
1197,36061009800,7654
1198,36061009900,4938
1199,36061010000,1683
1200,36061010100,1259
1201,36061010200,258
1202,36061010300,1841
1203,36061010400,982
1204,36061010601,7259
1205,36061010602,4482
1206,36061010800,9116
1207,36061010900,186
1208,36061011000,7456
1209,36061011100,4680
1210,36061011201,792
1211,36061011202,287
1212,36061011203,1166
1213,36061011300,126
1214,36061011401,1276
1215,36061011402,2345
1216,36061011500,3035
1217,36061011600,3076
1218,36061011700,3870
1219,36061011800,9296
1220,36061011900,1068
1221,36061012000,3158
1222,36061012100,8192
1223,36061012200,3126
1224,36061012400,10402
1225,36061012500,2483
1226,36061012600,12427
1227,36061012700,6974
1228,36061012800,6226
1229,36061012900,5755
1230,36061013000,3277
1231,36061013100,2775
1232,36061013200,10095
1233,36061013300,4858
1234,36061013400,11688
1235,36061013500,6384
1236,36061013600,15880
1237,36061013700,6698
1238,36061013800,13162
1239,36061013900,8252
1240,36061014000,7671
1241,36061014200,4467
1242,36061014300,5
1243,36061014401,5228
1244,36061014402,7675
1245,36061014500,5195
1246,36061014601,4463
1247,36061014602,7748
1248,36061014700,3161
1249,36061014801,3081
1250,36061014802,6751
1251,36061014900,5934
1252,36061015001,1952
1253,36061015002,5171
1254,36061015100,7481
1255,36061015200,7574
1256,36061015300,9358
1257,36061015400,14693
1258,36061015500,10151
1259,36061015601,5408
1260,36061015602,2217
1261,36061015700,9521
1262,36061015801,5799
1263,36061015802,4808
1264,36061015900,9120
1265,36061016001,3861
1266,36061016002,3562
1267,36061016100,6189
1268,36061016200,9195
1269,36061016300,7101
1270,36061016400,6901
1271,36061016500,6760
1272,36061016600,7313
1273,36061016700,6468
1274,36061016800,4693
1275,36061016900,7864
1276,36061017000,7824
1277,36061017100,9135
1278,36061017200,5655
1279,36061017300,8486
1280,36061017401,4127
1281,36061017402,2309
1282,36061017500,10840
1283,36061017700,9522
1284,36061017800,3825
1285,36061017900,9064
1286,36061018000,8275
1287,36061018100,9008
1288,36061018200,7206
1289,36061018300,8232
1290,36061018400,7796
1291,36061018500,5174
1292,36061018600,7310
1293,36061018700,8310
1294,36061018800,5452
1295,36061018900,12825
1296,36061019000,3194
1297,36061019100,9545
1298,36061019200,4066
1299,36061019300,9327
1300,36061019400,6861
1301,36061019500,7608
1302,36061019600,4327
1303,36061019701,939
1304,36061019702,2127
1305,36061019800,2513
1306,36061019900,9722
1307,36061020000,3176
1308,36061020101,1807
1309,36061020102,4290
1310,36061020300,3142
1311,36061020500,5069
1312,36061020600,2949
1313,36061020701,3392
1314,36061020800,5320
1315,36061020901,4064
1316,36061021000,7084
1317,36061021100,10211
1318,36061021200,4412
1319,36061021303,6087
1320,36061021400,3007
1321,36061021500,3756
1322,36061021600,8413
1323,36061021703,8
1324,36061021800,7569
1325,36061021900,6401
1326,36061022000,5379
1327,36061022102,2351
1328,36061022200,3089
1329,36061022301,7967
1330,36061022302,3432
1331,36061022400,7962
1332,36061022500,10269
1333,36061022600,4235
1334,36061022700,5319
1335,36061022800,5814
1336,36061022900,8598
1337,36061023000,9259
1338,36061023100,6890
1339,36061023200,8370
1340,36061023300,6808
1341,36061023400,5225
1342,36061023501,6647
1343,36061023502,1840
1344,36061023600,7004
1345,36061023700,7450
1346,36061023801,9403
1347,36061023802,2380
1348,36061023900,2810
1349,36061024000,1688
1350,36061024100,7911
1351,36061024200,3972
1352,36061024301,3926
1353,36061024302,7239
1354,36061024500,16231
1355,36061024700,7960
1356,36061024900,1324
1357,36061025100,2629
1358,36061025300,12189
1359,36061025500,5420
1360,36061025700,4446
1361,36061025900,4155
1362,36061026100,13496
1363,36061026300,9715
1364,36061026500,8056
1365,36061026700,2342
1366,36061026900,8651
1367,36061027100,9704
1368,36061027300,6935
1369,36061027500,3712
1370,36061027700,7558
1371,36061027900,11069
1372,36061028100,3190
1373,36061028300,7720
1374,36061028500,7778
1375,36061028700,4135
1376,36061029100,12337
1377,36061029300,9381
1378,36061029500,8164
1379,36061029700,48
1380,36061029900,4581
1381,36061030300,4670
1382,36061030700,3495
1383,36061030900,9398
1384,36061031100,0
1385,36061031703,8875
1386,36061031704,6887
1387,36061031900,0
1388,36081000100,6403
1389,36081000200,3364
1390,36081000400,4559
1391,36081000600,3807
1392,36081000700,5815
1393,36081000800,3543
1394,36081001000,3884
1395,36081001200,4998
1396,36081001400,3781
1397,36081001600,3244
1398,36081001800,3443
1399,36081001900,1655
1400,36081002000,1950
1401,36081002200,2178
1402,36081002400,2278
1403,36081002500,6392
1404,36081002600,2467
1405,36081002800,2971
1406,36081003000,1587
1407,36081003100,1058
1408,36081003200,1613
1409,36081003300,2806
1410,36081003400,2389
1411,36081003600,3724
1412,36081003700,0
1413,36081003800,2521
1414,36081003900,1646
1415,36081004001,2228
1416,36081004002,1551
1417,36081004200,4801
1418,36081004300,2418
1419,36081004401,3716
1420,36081004500,3533
1421,36081004700,4011
1422,36081005000,37
1423,36081005100,2194
1424,36081005200,2746
1425,36081005300,4043
1426,36081005400,5630
1427,36081005500,943
1428,36081005700,4315
1429,36081005800,5785
1430,36081005900,4174
1431,36081006100,5980
1432,36081006201,5996
1433,36081006202,7378
1434,36081006300,5434
1435,36081006501,3550
1436,36081006502,3845
1437,36081006900,4649
1438,36081007100,3825
1439,36081007300,4365
1440,36081007500,4325
1441,36081007700,1446
1442,36081007900,3425
1443,36081008100,1213
1444,36081008300,3527
1445,36081008500,1138
1446,36081008600,2849
1447,36081008700,5107
1448,36081008800,3928
1449,36081009100,2863
1450,36081009400,2962
1451,36081009500,2755
1452,36081009600,4079
1453,36081009700,3410
1454,36081009800,2818
1455,36081009900,0
1456,36081010000,3833
1457,36081010100,2501
1458,36081010200,3164
1459,36081010300,3812
1460,36081010400,3442
1461,36081010500,4115
1462,36081010600,3741
1463,36081010701,0
1464,36081010800,3530
1465,36081011000,3586
1466,36081011100,3440
1467,36081011200,2168
1468,36081011300,4229
1469,36081011400,1050
1470,36081011500,2356
1471,36081011600,2309
1472,36081011700,3706
1473,36081011800,2766
1474,36081011900,1674
1475,36081012000,2467
1476,36081012100,2247
1477,36081012200,3632
1478,36081012301,2670
1479,36081012400,3118
1480,36081012500,1829
1481,36081012601,2728
1482,36081012602,2666
1483,36081012800,2245
1484,36081013000,1645
1485,36081013200,2329
1486,36081013400,5920
1487,36081013500,1696
1488,36081013600,2063
1489,36081013700,1789
1490,36081013800,3600
1491,36081014000,3733
1492,36081014100,1729
1493,36081014201,4452
1494,36081014202,2749
1495,36081014300,4057
1496,36081014400,2033
1497,36081014500,2313
1498,36081014700,3367
1499,36081014800,2200
1500,36081014900,2430
1501,36081015000,2895
1502,36081015100,2717
1503,36081015200,2808
1504,36081015300,2159
1505,36081015400,2524
1506,36081015500,2336
1507,36081015600,3104
1508,36081015700,1457
1509,36081015801,3564
1510,36081015802,4679
1511,36081015900,3964
1512,36081016100,2606
1513,36081016300,3788
1514,36081016400,3691
1515,36081016600,3409
1516,36081016800,3413
1517,36081016900,5561
1518,36081017000,2339
1519,36081017100,0
1520,36081017200,2355
1521,36081017400,2867
1522,36081017600,2498
1523,36081017800,2242
1524,36081017900,994
1525,36081018000,1456
1526,36081018101,4293
1527,36081018102,3755
1528,36081018200,2416
1529,36081018300,6322
1530,36081018401,2272
1531,36081018402,2342
1532,36081018501,3685
1533,36081018502,3557
1534,36081018600,1908
1535,36081018700,3074
1536,36081018800,1476
1537,36081018900,3470
1538,36081019000,2291
1539,36081019200,2009
1540,36081019400,2508
1541,36081019600,2756
1542,36081019800,2981
1543,36081019900,1074
1544,36081020200,1693
1545,36081020400,2195
1546,36081020500,994
1547,36081020600,1855
1548,36081020800,2554
1549,36081021200,2362
1550,36081021400,6415
1551,36081021600,4373
1552,36081021900,4
1553,36081022001,5889
1554,36081022002,6421
1555,36081022900,0
1556,36081023000,2430
1557,36081023200,5619
1558,36081023500,8855
1559,36081023600,2707
1560,36081023800,4705
1561,36081024000,6087
1562,36081024300,6119
1563,36081024500,6158
1564,36081024600,0
1565,36081024700,1574
1566,36081024900,5099
1567,36081025100,5909
1568,36081025301,3967
1569,36081025302,2881
1570,36081025400,9094
1571,36081025500,1423
1572,36081025700,1327
1573,36081025800,2048
1574,36081025900,3353
1575,36081026000,2818
1576,36081026100,7098
1577,36081026200,1208
1578,36081026300,7124
1579,36081026400,2365
1580,36081026500,4127
1581,36081026600,1933
1582,36081026700,6563
1583,36081026901,5089
1584,36081026902,4557
1585,36081027000,2080
1586,36081027100,8512
1587,36081027200,2432
1588,36081027300,8196
1589,36081027400,1781
1590,36081027500,7489
1591,36081027600,1262
1592,36081027700,7638
1593,36081027800,2437
1594,36081027900,6233
1595,36081028000,1775
1596,36081028100,4435
1597,36081028200,1703
1598,36081028300,7318
1599,36081028400,4367
1600,36081028500,5120
1601,36081028700,6423
1602,36081028800,4693
1603,36081028900,5574
1604,36081029100,6605
1605,36081029300,1217
1606,36081029400,6827
1607,36081029500,3722
1608,36081029700,2128
1609,36081029900,0
1610,36081030600,4058
1611,36081030902,7894
1612,36081030903,6441
1613,36081030904,3847
1614,36081031700,6451
1615,36081032000,5330
1616,36081032700,4112
1617,36081032800,2376
1618,36081032900,4071
1619,36081033000,7115
1620,36081033100,0
1621,36081033401,3516
1622,36081033402,13061
1623,36081033700,3555
1624,36081033900,3374
1625,36081034700,3394
1626,36081035100,4215
1627,36081035200,3044
1628,36081035300,2451
1629,36081035700,4204
1630,36081035800,4094
1631,36081036100,2956
1632,36081036300,2105
1633,36081036500,3822
1634,36081036600,3041
1635,36081036700,2644
1636,36081036800,2446
1637,36081037100,1789
1638,36081037300,2500
1639,36081037500,3946
1640,36081037600,5979
1641,36081037700,3717
1642,36081037900,7287
1643,36081038100,7798
1644,36081038301,0
1645,36081038302,0
1646,36081038400,2420
1647,36081039400,3010
1648,36081039800,1731
1649,36081039900,4181
1650,36081040000,1476
1651,36081040100,8193
1652,36081040200,1617
1653,36081040300,7310
1654,36081040400,4316
1655,36081040500,3339
1656,36081040700,7632
1657,36081040900,6017
1658,36081041100,3873
1659,36081041300,4822
1660,36081041400,3677
1661,36081041500,3687
1662,36081042400,2612
1663,36081042600,512
1664,36081042700,5242
1665,36081043200,1507
1666,36081043400,1708
1667,36081043701,3780
1668,36081043702,6213
1669,36081043900,4537
1670,36081044000,3821
1671,36081044301,3535
1672,36081044302,4748
1673,36081044400,3024
1674,36081044601,3119
1675,36081044602,5082
1676,36081044800,2677
1677,36081045000,1902
1678,36081045200,1009
1679,36081045400,4298
1680,36081045500,13003
1681,36081045600,1400
1682,36081045700,2992
1683,36081045800,2098
1684,36081045900,3923
1685,36081046000,5817
1686,36081046100,2988
1687,36081046200,8760
1688,36081046300,3985
1689,36081046400,1734
1690,36081046500,3680
1691,36081046600,3521
1692,36081046700,6815
1693,36081046800,3171
1694,36081046900,8205
1695,36081047000,3322
1696,36081047100,4218
1697,36081047200,4027
1698,36081047300,3710
1699,36081047500,4570
1700,36081047600,1459
1701,36081047800,5500
1702,36081047900,5357
1703,36081048000,2932
1704,36081048100,6527
1705,36081048200,1556
1706,36081048300,4212
1707,36081048400,4977
1708,36081048500,4639
1709,36081048900,1651
1710,36081049200,4387
1711,36081049301,1933
1712,36081049302,2376
1713,36081049500,1283
1714,36081049600,3110
1715,36081049700,2675
1716,36081049900,4980
1717,36081050000,4444
1718,36081050201,1427
1719,36081050202,1357
1720,36081050400,2018
1721,36081050500,1456
1722,36081050600,1686
1723,36081050700,3580
1724,36081050800,2072
1725,36081051000,2096
1726,36081051100,1961
1727,36081051200,2925
1728,36081051300,2023
1729,36081051500,2693
1730,36081051600,1866
1731,36081051700,1777
1732,36081051800,2441
1733,36081052000,1640
1734,36081052100,1744
1735,36081052200,1854
1736,36081052400,1626
1737,36081052500,1840
1738,36081052600,1980
1739,36081052800,1509
1740,36081053000,2311
1741,36081053100,2785
1742,36081053200,1699
1743,36081053401,2016
1744,36081053500,1328
1745,36081053601,1759
1746,36081053800,1720
1747,36081053900,4338
1748,36081054000,4354
1749,36081054200,5482
1750,36081054500,3813
1751,36081054700,5382
1752,36081054800,2316
1753,36081054900,5503
1754,36081055100,4932
1755,36081055200,3006
1756,36081055300,2436
1757,36081055400,2344
1758,36081055500,2348
1759,36081055600,2453
1760,36081055700,3781
1761,36081055800,1763
1762,36081055900,1401
1763,36081056000,1651
1764,36081056100,120
1765,36081056200,1655
1766,36081056400,1582
1767,36081056500,1380
1768,36081056600,1703
1769,36081056700,4231
1770,36081056800,4439
1771,36081057700,3797
1772,36081057900,1610
1773,36081058000,3565
1774,36081058100,2875
1775,36081058200,5054
1776,36081058300,3327
1777,36081058500,4476
1778,36081058700,3421
1779,36081058900,4165
1780,36081059000,1428
1781,36081059100,5210
1782,36081059200,1128
1783,36081059300,4192
1784,36081059400,1553
1785,36081059500,4435
1786,36081059600,1465
1787,36081059800,1727
1788,36081059900,1376
1789,36081060000,1086
1790,36081060100,1955
1791,36081060300,2006
1792,36081060600,1393
1793,36081060701,16
1794,36081060800,1662
1795,36081061000,1556
1796,36081061200,1528
1797,36081061301,6281
1798,36081061302,15
1799,36081061400,1321
1800,36081061601,2384
1801,36081061602,1275
1802,36081061800,1876
1803,36081061900,2738
1804,36081062000,1518
1805,36081062100,2589
1806,36081062200,1653
1807,36081062300,2049
1808,36081062400,0
1809,36081062500,2586
1810,36081062600,3096
1811,36081062700,2917
1812,36081062900,3086
1813,36081063000,1865
1814,36081063200,2459
1815,36081063301,1450
1816,36081063302,1490
1817,36081063500,2636
1818,36081063700,3199
1819,36081063800,4113
1820,36081063900,2551
1821,36081064101,2038
1822,36081064102,154
1823,36081064500,1948
1824,36081064600,3121
1825,36081065000,3070
1826,36081065400,3128
1827,36081065501,0
1828,36081065600,5230
1829,36081065702,1761
1830,36081065703,2783
1831,36081065900,1765
1832,36081066000,3674
1833,36081066100,1469
1834,36081066300,2463
1835,36081066400,10018
1836,36081066501,3400
1837,36081066701,2280
1838,36081066900,1602
1839,36081067100,2129
1840,36081067700,1826
1841,36081067900,3772
1842,36081068000,5064
1843,36081068200,1278
1844,36081068300,4499
1845,36081068700,4703
1846,36081069000,3460
1847,36081069300,2864
1848,36081069400,3687
1849,36081069500,1773
1850,36081069701,3990
1851,36081069702,3548
1852,36081070300,2007
1853,36081070700,2262
1854,36081070900,2555
1855,36081071100,5948
1856,36081071303,5318
1857,36081071304,6191
1858,36081071305,4841
1859,36081071306,6256
1860,36081071600,0
1861,36081071701,5571
1862,36081071702,3865
1863,36081071900,2587
1864,36081072100,4751
1865,36081072300,1965
1866,36081072900,1147
1867,36081073100,1501
1868,36081073700,1748
1869,36081073900,5442
1870,36081074100,3021
1871,36081074300,4654
1872,36081074500,3836
1873,36081074700,3433
1874,36081074900,1488
1875,36081075701,5053
1876,36081075702,4565
1877,36081076901,4172
1878,36081076902,1486
1879,36081077300,2189
1880,36081077500,2014
1881,36081077902,5382
1882,36081077903,3130
1883,36081077904,6812
1884,36081077905,2673
1885,36081077906,3241
1886,36081077907,3186
1887,36081077908,4364
1888,36081078800,1575
1889,36081079000,2508
1890,36081079200,2599
1891,36081079300,0
1892,36081079701,7057
1893,36081079702,4914
1894,36081079900,3405
1895,36081080301,4855
1896,36081080302,3538
1897,36081080900,7181
1898,36081081400,3978
1899,36081081800,4381
1900,36081083700,5523
1901,36081083800,6247
1902,36081084000,6455
1903,36081084500,4484
1904,36081084601,2671
1905,36081084602,1256
1906,36081084900,7392
1907,36081085300,4526
1908,36081085500,6375
1909,36081085700,5753
1910,36081085900,5267
1911,36081086100,2178
1912,36081086300,6845
1913,36081086400,2887
1914,36081086500,4381
1915,36081086900,2350
1916,36081087100,2316
1917,36081088400,7279
1918,36081088901,10346
1919,36081089200,8047
1920,36081090700,1212
1921,36081091601,4006
1922,36081091602,0
1923,36081091800,8
1924,36081091900,6317
1925,36081092200,2088
1926,36081092500,3821
1927,36081092800,3283
1928,36081092900,6716
1929,36081093401,3809
1930,36081093402,3841
1931,36081093800,5396
1932,36081093900,4978
1933,36081094201,3347
1934,36081094202,4686
1935,36081094203,5586
1936,36081094500,4127
1937,36081094700,2699
1938,36081095400,5221
1939,36081096400,4153
1940,36081097202,2634
1941,36081097203,6557
1942,36081097204,4052
1943,36081097300,1992
1944,36081098100,2436
1945,36081098700,2596
1946,36081099100,6234
1947,36081099200,4291
1948,36081099701,2559
1949,36081099703,3858
1950,36081099704,7240
1951,36081099705,2720
1952,36081099801,7455
1953,36081099802,5391
1954,36081099900,0
1955,36081100801,2277
1956,36081100802,9029
1957,36081101001,11028
1958,36081101002,4311
1959,36081101700,6078
1960,36081102900,3714
1961,36081103201,7161
1962,36081103202,7195
1963,36081103300,4044
1964,36081103900,6734
1965,36081104700,6664
1966,36081105900,3881
1967,36081107201,2112
1968,36081107202,0
1969,36081108500,2496
1970,36081109300,3216
1971,36081109700,1633
1972,36081109900,3903
1973,36081111300,2476
1974,36081112300,2344
1975,36081112900,2252
1976,36081113300,1729
1977,36081113900,3399
1978,36081114100,2337
1979,36081114700,1802
1980,36081115100,1189
1981,36081115500,2350
1982,36081115700,3515
1983,36081115900,4340
1984,36081116100,4657
1985,36081116300,9062
1986,36081116700,1990
1987,36081117100,2813
1988,36081117500,5027
1989,36081118100,1577
1990,36081118500,2186
1991,36081118700,2404
1992,36081118900,2556
1993,36081119100,3420
1994,36081119300,2079
1995,36081119500,1412
1996,36081119900,1520
1997,36081120100,1617
1998,36081120300,1734
1999,36081120500,2747
2000,36081120700,2781
2001,36081121100,0
2002,36081121500,4434
2003,36081122300,3556
2004,36081122701,11789
2005,36081122702,7007
2006,36081124100,3148
2007,36081124700,3442
2008,36081125700,3298
2009,36081126500,1517
2010,36081126700,4616
2011,36081127700,3528
2012,36081128300,29
2013,36081129102,3578
2014,36081129103,3877
2015,36081129104,4241
2016,36081130100,3984
2017,36081133300,3626
2018,36081133900,1315
2019,36081134100,3555
2020,36081134700,10137
2021,36081136700,6054
2022,36081137700,6270
2023,36081138501,4586
2024,36081138502,39
2025,36081139900,1710
2026,36081140300,2276
2027,36081140901,958
2028,36081140902,3130
2029,36081141700,4821
2030,36081142900,3354
2031,36081143500,2153
2032,36081144100,3254
2033,36081144700,3176
2034,36081145101,1658
2035,36081145102,2616
2036,36081145900,2913
2037,36081146300,3209
2038,36081146700,3313
2039,36081147100,3059
2040,36081147900,4845
2041,36081148300,2920
2042,36081150701,2913
2043,36081150702,3156
2044,36081152901,6796
2045,36081152902,5132
2046,36081155101,1947
2047,36081155102,7641
2048,36081156700,1363
2049,36081157101,7859
2050,36081157102,2065
2051,36081157901,4994
2052,36081157902,3809
2053,36081157903,3852
2054,36081161700,4911
2055,36081162100,7167
2056,36081990100,0
2057,36085000300,1738
2058,36085000600,2297
2059,36085000700,5997
2060,36085000800,5678
2061,36085000900,1860
2062,36085001100,3032
2063,36085001700,1518
2064,36085001800,615
2065,36085002001,2530
2066,36085002002,3470
2067,36085002100,3627
2068,36085002700,2218
2069,36085002900,5781
2070,36085003300,3756
2071,36085003600,2608
2072,36085003900,2495
2073,36085004000,12668
2074,36085004700,3205
2075,36085005000,3690
2076,36085005900,2900
2077,36085006400,3217
2078,36085006700,2609
2079,36085007000,8963
2080,36085007400,4846
2081,36085007500,4606
2082,36085007700,1338
2083,36085008100,4074
2084,36085009601,3744
2085,36085009602,3462
2086,36085009700,4316
2087,36085010500,4857
2088,36085011201,5855
2089,36085011202,5839
2090,36085011401,2884
2091,36085011402,3722
2092,36085012100,3448
2093,36085012200,3714
2094,36085012500,2668
2095,36085012804,4042
2096,36085012805,2940
2097,36085012806,6033
2098,36085013201,1546
2099,36085013203,5766
2100,36085013204,4837
2101,36085013301,1531
2102,36085013302,3576
2103,36085013400,3651
2104,36085013800,6098
2105,36085014100,2344
2106,36085014604,7468
2107,36085014605,3672
2108,36085014606,7325
2109,36085014607,4909
2110,36085014608,3795
2111,36085014700,3432
2112,36085015100,4818
2113,36085015400,0
2114,36085015601,6559
2115,36085015602,3446
2116,36085015603,4596
2117,36085016901,3283
2118,36085017005,4656
2119,36085017007,5351
2120,36085017008,7457
2121,36085017009,4405
2122,36085017010,9085
2123,36085017011,4616
2124,36085017012,4802
2125,36085017300,2529
2126,36085017600,4980
2127,36085017700,6918
2128,36085018100,3031
2129,36085018701,1742
2130,36085018702,7200
2131,36085018901,5199
2132,36085018902,5180
2133,36085019700,1803
2134,36085019800,6690
2135,36085020100,3534
2136,36085020700,6178
2137,36085020801,9138
2138,36085020803,6191
2139,36085020804,5602
2140,36085021300,4878
2141,36085022300,2627
2142,36085022600,9032
2143,36085022800,39
2144,36085023100,4267
2145,36085023900,3310
2146,36085024401,6408
2147,36085024402,4241
2148,36085024700,2691
2149,36085024800,4908
2150,36085025100,5879
2151,36085027301,3810
2152,36085027302,3355
2153,36085027702,6542
2154,36085027704,4357
2155,36085027705,5644
2156,36085027706,3525
2157,36085027900,1972
2158,36085029102,2814
2159,36085029103,7644
2160,36085029104,7273
2161,36085030301,4895
2162,36085030302,6279
2163,36085031901,2550
2164,36085031902,4611
2165,36085032300,1131
2166,36085990100,0
